<?xml version="1.0" encoding="utf-8"?>
<extension version="2.5" type="plugin" method="upgrade" group="k2store">
	<name>SN_K2STORE</name>
	<author>JOOMI.IR IT Group</author>
	<creationDate>August 2015</creationDate>
	<copyright>Copyright (C) 2011-2015 GavickPro. All rights reserved.</copyright>
	<license>GNU General Public License version 2 or later</license>
	<authorEmail>info@joomi.ir</authorEmail>
	<authorUrl>www.joomi.ir</authorUrl>
	<version>1.0.0</version>
	<description>SN_K2STORE_DESCRIPTION</description>
	
	<scriptfile>script.php</scriptfile>
	
	<files>
		<filename plugin="payment_sn_k2store">payment_sn_k2store.php</filename>
		<filename>payment_sn_k2store.xml</filename>
		<filename>script.php</filename>
		<filename>index.html</filename>
		<folder>libraries</folder>
		<folder>payment_sn_k2store</folder>
	</files>

	<languages>
		<language tag="fa-IR">language/fa-IR/fa-IR.plg_k2store_payment_sn_k2store.ini</language>
		<language tag="fa-IR">language/fa-IR/fa-IR.plg_k2store_payment_sn_k2store.sys.ini</language>
		<language tag="en-GB">language/en-GB/en-GB.plg_k2store_payment_sn_k2store.ini</language>
		<language tag="en-GB">language/en-GB/en-GB.plg_k2store_payment_sn_k2store.sys.ini</language>
	</languages>

    <config>
        <fields name="params">
            <fieldset name="basic">

				<field name="sn_pin" type="text" default="" label="SN_FIELD_PIN" description="SN_FIELD_PIN_DESC"/>
				<field name="sn_currency" type="list" default="1" label="SN_FIELD_CURRENCY" description="SN_FIELD_CURRENCY_DESC">
					<option value="0">SN_FIELD_CURRENCY_TOMAN</option>
					<option value="1">SN_FIELD_CURRENCY_RIAL</option>
				</field>
				<field name="sn_send_payer_info" type="list" default="1" label="SN_FIELD_SEND_PAYER_INFO" description="SN_FIELD_SEND_PAYER_INFO_DESC">
					<option value="1">SN_FIELD_ENABLE</option>
					<option value="0">SN_FIELD_DISABLE</option>
				</field>

                <field name="display_name" type="text" default="پرداخت آنلاین" label="SN_K2STORE_PORTAL_TITLE" description="SN_K2STORE_PORTAL_TITLE_DESCRIPTION" />
				<field name="onselection" type="textarea" cols="10" rows="5" default="" label="SN_K2STORE_ONSELECTION" description="SN_K2STORE_ONSELECTION_DESC"/>
				<field name="onbeforepayment" type="textarea" cols="20" rows="5" default="" label="SN_K2STORE_BEFORE_PAYMENT" description="SN_K2STORE_BEFORE_PAYMENT_DESCRIPTION"/>
		        <field name="onafterpayment" type="textarea" cols="20" rows="5" default="" label="SN_K2STORE_AFTER_PAYMENT" description="SN_K2STORE_AFTER_PAYMENT_DESCRIPTION"/>
		        <field name="payment_status" type="list" default="1" label="SN_K2STORE_AFTER_PAYMENT_STATUS" description="SN_K2STORE_AFTER_PAYMENT_STATUS_DESCRIPTION">
		        	<option value="1">K2STORE_CONFIRMED</option>
				  	<option value="4">K2STORE_PENDING</option>
		          	<option value="3">K2STORE_FAILED</option>          
		        </field>
		      	<field name="button_text" type="text" size="50" default="پرداخت" label="SN_K2STORE_PAYMENT_BUTTON" description="SN_K2STORE_PAYMENT_BUTTON_DESCRIPTION" />
            </fieldset>
        </fields>
    </config>
		
</extension>
